<?xml version="1.0" encoding="UTF-8"?>
<build-type xmlns:xsi="http://www.w3.org/2001/XMLSchema-instance" uuid="4f3daa33-6f73-44ac-943d-d2b9935c4fbe" xsi:noNamespaceSchemaLocation="https://www.jetbrains.com/teamcity/schemas/2018.1/project-config.xsd">
  <name>Dot_NET</name>
  <description />
  <settings>
    <options>
      <option name="publishArtifactCondition" value="SUCCESSFUL" />
    </options>
    <parameters />
    <build-runners />
    <vcs-settings>
      <vcs-entry-ref root-id="SecureCodingGssp_HttpsBitbucketSonalystsComScmGiacGsspGit" />
    </vcs-settings>
    <requirements />
    <build-triggers>
      <build-trigger id="vcsTrigger" type="vcsTrigger">
        <parameters>
          <param name="enableQueueOptimization" value="true" />
          <param name="quietPeriodMode" value="DO_NOT_USE" />
        </parameters>
      </build-trigger>
    </build-triggers>
    <cleanup />
  </settings>
</build-type>

