<?xml version="1.0" encoding="UTF-8"?>
<vcs-root xmlns:xsi="http://www.w3.org/2001/XMLSchema-instance" uuid="e41a813f-1cb1-4951-98be-00f105f6e011" type="jetbrains.git" xsi:noNamespaceSchemaLocation="https://www.jetbrains.com/teamcity/schemas/2018.1/project-config.xsd">
  <name>https://bitbucket.sonalysts.com/scm/giac/gssp.git#refs/heads/master</name>
  <param name="agentCleanFilesPolicy" value="ALL_UNTRACKED" />
  <param name="agentCleanPolicy" value="ON_BRANCH_CHANGE" />
  <param name="authMethod" value="PASSWORD" />
  <param name="branch" value="refs/heads/master" />
  <param name="ignoreKnownHosts" value="true" />
  <param name="secure:password" value="zxxde0bbe0bb130cd1a80e506492cff830b3c888d0b58135c4b" />
  <param name="submoduleCheckout" value="CHECKOUT" />
  <param name="teamcity:branchSpec" value="+:refs/heads/*" />
  <param name="url" value="https://bitbucket.sonalysts.com/scm/giac/gssp.git" />
  <param name="useAlternates" value="true" />
  <param name="username" value="kaubin" />
  <param name="usernameStyle" value="USERID" />
</vcs-root>

