<?xml version="1.0" encoding="UTF-8"?>
<build-type xmlns:xsi="http://www.w3.org/2001/XMLSchema-instance" uuid="98eb9318-f38c-433e-a8be-a7f71d0ec964" xsi:noNamespaceSchemaLocation="https://www.jetbrains.com/teamcity/schemas/2018.1/project-config.xsd">
  <name>Daily cleanup</name>
  <description>Prunes local images, etc.</description>
  <settings>
    <parameters />
    <build-runners>
      <runner id="RUNNER_2" name="Daily Prune local images" type="simpleRunner">
        <parameters>
          <param name="script.content" value="docker image prune" />
          <param name="teamcity.step.mode" value="default" />
          <param name="use.custom.script" value="true" />
        </parameters>
      </runner>
    </build-runners>
    <vcs-settings />
    <requirements />
    <build-triggers>
      <build-trigger id="TRIGGER_1" type="schedulingTrigger">
        <parameters>
          <param name="cronExpression_dm" value="*" />
          <param name="cronExpression_dw" value="?" />
          <param name="cronExpression_hour" value="*" />
          <param name="cronExpression_min" value="0" />
          <param name="cronExpression_month" value="*" />
          <param name="cronExpression_sec" value="0" />
          <param name="cronExpression_year" value="*" />
          <param name="dayOfWeek" value="Sunday" />
          <param name="enableQueueOptimization" value="true" />
          <param name="hour" value="6" />
          <param name="minute" value="0" />
          <param name="promoteWatchedBuild" value="true" />
          <param name="revisionRule" value="lastFinished" />
          <param name="revisionRuleBuildBranch" value="&lt;default&gt;" />
          <param name="schedulingPolicy" value="daily" />
          <param name="timezone" value="SERVER" />
          <param name="triggerBuildWithPendingChangesOnly" value="true" />
        </parameters>
      </build-trigger>
    </build-triggers>
    <cleanup />
  </settings>
</build-type>

