<?xml version="1.0" encoding="UTF-8"?>
<build-type xmlns:xsi="http://www.w3.org/2001/XMLSchema-instance" uuid="1a72f93e-2b1e-4be5-a0a1-cd2dd0c6cad6" xsi:noNamespaceSchemaLocation="https://www.jetbrains.com/teamcity/schemas/2018.1/project-config.xsd">
  <name>Build</name>
  <description />
  <settings>
    <options>
      <option name="publishArtifactCondition" value="SUCCESSFUL" />
    </options>
    <parameters />
    <build-runners>
      <runner id="RUNNER_1" name="" type="simpleRunner">
        <parameters>
          <param name="script.content"><![CDATA[image="localhost:55000/gen:ci-%build.number%"
docker build -t $image --no-cache .

docker push $image]]></param>
          <param name="teamcity.step.mode" value="default" />
          <param name="use.custom.script" value="true" />
        </parameters>
      </runner>
    </build-runners>
    <vcs-settings>
      <vcs-entry-ref root-id="AspnetcoreGeneratorApi_HttpsGithubComKaubsterAspnetcoreGeneratorApiGitRefsHeadsMaster_2" />
    </vcs-settings>
    <requirements />
    <build-triggers>
      <build-trigger id="vcsTrigger" type="vcsTrigger">
        <parameters>
          <param name="enableQueueOptimization" value="true" />
          <param name="quietPeriod" value="20" />
          <param name="quietPeriodMode" value="USE_CUSTOM" />
        </parameters>
      </build-trigger>
    </build-triggers>
    <cleanup />
  </settings>
</build-type>

