<root>
  <page path="/admin/editProject.html?tab=oauthConnections">
    <usage userId="1" timestamp="1585651013159" />
  </page>
  <page path="/agents.html?tab=unauthorizedAgents">
    <usage userId="1" timestamp="1584397621526" />
  </page>
  <page path="/admin/vcsRootHealthStatusItems.html">
    <usage userId="1" timestamp="1585651198390" />
  </page>
  <page path="/queue.html">
    <usage userId="1" timestamp="1585648816474" />
  </page>
  <page path="/agentDetails.html">
    <usage userId="1" timestamp="1585648677771" />
  </page>
  <page path="/viewLog.html?tab=buildLog">
    <usage userId="1" timestamp="1585647661844" />
  </page>
  <page path="/showCompatibleAgents.html">
    <usage userId="1" timestamp="1584397543033" />
  </page>
  <page path="/changeExpandedView.html">
    <usage userId="1" timestamp="1585648837694" />
  </page>
  <page path="/admin/editRunType.html">
    <usage userId="1" timestamp="1585650576685" />
  </page>
  <page path="/viewType.html?tab=buildTypeHistoryList">
    <usage userId="1" timestamp="1585648225637" />
  </page>
  <page path="/agents.html">
    <usage userId="1" timestamp="1585648632694" />
  </page>
  <page path="/agentDetails.html?tab=agentHistory">
    <usage userId="1" timestamp="1585648684872" />
  </page>
  <page path="/viewType.html?tab=buildTypeSettings">
    <usage userId="1" timestamp="1585651078654" />
  </page>
  <page path="/agents.html?tab=disconnectedAgents">
    <usage userId="1" timestamp="1584397624833" />
  </page>
  <page path="/plugins/priority-queue/priorityClassList.html">
    <usage userId="1" timestamp="1585648817092" />
  </page>
  <page path="/agentDetails.html?tab=agentCompatibleConfigurations">
    <usage userId="1" timestamp="1585648704233" />
  </page>
  <page path="/admin/admin.html">
    <usage userId="1" timestamp="1585620706897" />
  </page>
  <page path="/">
    <usage userId="1" timestamp="1585651085308" />
  </page>
  <page path="/runCustomBuild.html">
    <usage userId="1" timestamp="1584391983673" />
  </page>
  <page path="/admin/editBuild.html">
    <usage userId="1" timestamp="1585648542093" />
  </page>
  <page path="/profile.html" />
  <page path="/admin/editBuildTypeVcsRoots.html">
    <usage userId="1" timestamp="1585648603095" />
  </page>
  <page path="/admin/editVcsRoot.html">
    <usage userId="1" timestamp="1585651197146" />
  </page>
  <page path="/viewLog.html">
    <usage userId="1" timestamp="1584391556506" />
  </page>
  <page path="/admin/projectHealthStatusItems.html">
    <usage userId="1" timestamp="1585651014447" />
  </page>
  <page path="/buildResultsSummary.html">
    <usage userId="1" timestamp="1585651187047" />
  </page>
  <page path="/viewLog.html?tab=buildChangesDiv">
    <usage userId="1" timestamp="1585647446807" />
  </page>
  <page path="/viewType.html?tab=compatibilityList">
    <usage userId="1" timestamp="1584397274508" />
  </page>
  <page path="/carpet.html">
    <usage userId="1" timestamp="1585648828738" />
  </page>
  <page path="/problems/exitCodeProblemAjax.html">
    <usage userId="1" timestamp="1585650850226" />
  </page>
  <page path="/favoriteIcon.html">
    <usage userId="1" timestamp="1584391482178" />
  </page>
  <page path="/projectHealthStatusItems.html">
    <usage userId="1" timestamp="1584391878739" />
  </page>
  <page path="/admin/editBuildRunners.html">
    <usage userId="1" timestamp="1585650574510" />
  </page>
  <page path="/viewType.html?tab=pendingChangesDiv">
    <usage userId="1" timestamp="1585648233769" />
  </page>
  <page path="/limitedPendingChangesLink.html">
    <usage userId="1" timestamp="1585651181452" />
  </page>
  <page path="/viewLog.html?tab=buildResultsDiv">
    <usage userId="1" timestamp="1585650965892" />
  </page>
  <page path="/project.html">
    <usage userId="1" timestamp="1584391876598" />
  </page>
  <page path="/admin/editTriggers.html">
    <usage userId="1" timestamp="1585649000959" />
  </page>
  <page path="/admin/editProject.html">
    <usage userId="1" timestamp="1584383794521" />
  </page>
  <page path="/changesLink.html">
    <usage userId="1" timestamp="1585650553205" />
  </page>
  <page path="/agents.html?tab=agentPools">
    <usage userId="1" timestamp="1584397628274" />
  </page>
  <page path="/changesPopup.html">
    <usage userId="1" timestamp="1585648165885" />
  </page>
  <page path="/agents.html?tab=registeredAgents" />
  <page path="/viewType.html">
    <usage userId="1" timestamp="1585650971374" />
  </page>
  <page path="/changes.html">
    <usage userId="1" timestamp="1585648828320" />
  </page>
  <page path="/admin/buildTypeHealthStatusItems.html">
    <usage userId="1" timestamp="1585650578162" />
  </page>
  <page path="/agents.html?tab=unregisteredAgents" />
  <page path="/buildTypeHealthStatusItems.html">
    <usage userId="1" timestamp="1585651079614" />
  </page>
</root>